{"theta_0": 199467.38469348685, "theta_1": 504777.9039879099, "theta_2": -34952.076449310465}